[
    {
      "prn": "1234567890",
      "name": "John Doe22",
      "lectures": [1, 0, 1, 1, 0, 1, 0, 1, 1, 1, 0, 1, 1, 0, 1, 0, 0, 1, 0]
    },
    {
      "prn": "0987654321",
      "name": "Jane Smith",
      "lectures": [1, 1, 1, 0, 1, 0, 1, 1, 0, 1, 1, 1, 1, 0, 1, 0, 0, 1, 0]
    },
    {
      "prn": "1122334455",
      "name": "Alice Johnson",
      "lectures": [0, 1, 1, 1, 1, 1, 0, 0, 1, 0, 1, 1, 1, 0, 1, 1, 0, 1, 0]
    },
    {
      "prn": "11223344554",
      "name": "Alice Johnson",
      "lectures": [0, 1, 1, 1, 1, 1, 0, 0, 1, 0, 0, 1, 1, 0, 0, 1, 0, 1, 0]
    },
    {
      "prn": "9876543210",
      "name": "David Lee",
      "lectures": [0, 1, 0, 0, 1, 1, 0, 1, 0, 1, 1, 0, 1, 1, 0, 1, 1, 0, 1]
    },
    {
      "prn": "3344556677",
      "name": "Michael Brown",
      "lectures": [1, 0, 1, 1, 0, 0, 1, 1, 1, 0, 1, 0, 1, 0, 1, 1, 1, 1, 1]
    },
    {
      "prn": "8899001122",
      "name": "Emily Garcia",
      "lectures": [1, 1, 0, 1, 0, 1, 0, 1, 1, 0, 0, 1, 0, 1, 1, 0, 1, 1, 1]
    },
    {
      "prn": "5566778899",
      "name": "Olivia Jones",
      "lectures": [0, 0, 1, 0, 1, 0, 0, 1, 1, 0, 1, 1, 0, 0, 1, 0, 1, 0, 1]
    },
    {
      "prn": "1212334456",
      "name": "William Miller",
      "lectures": [1, 1, 1, 1, 0, 1, 1, 0, 1, 0, 0, 1, 0, 1, 1, 1, 0, 0, 0]
    },
    {
      "prn": "7788990011",
      "name": "Sophia Hernandez",
      "lectures": [0, 1, 0, 1, 1, 1, 1, 1, 0, 1, 0, 0, 1, 0, 0, 1, 1, 0, 0]
    },
    {
      "prn": "2233445566",
      "name": "Charles Davis",
      "lectures": [1, 0, 0, 0, 1, 0, 0, 1, 1, 1, 1, 0, 0, 1, 0, 1, 0, 1, 1]
    },
    {
      "prn": "4455667788",
      "name": "Isabella Garcia",
      "lectures": [0, 1, 1, 0, 0, 1, 1, 0, 1, 1, 1, 0, 1, 0, 1, 1, 0, 0, 1]
    }
  ]
  